Electricity from fossil fuels (TWh),Value_co2_emissions_kt_by_country
0.16,760.0
0.09,730.0
0.13,1029.999971
0.31,1220.000029
0.33,1029.999971
0.34,1549.999952
0.2,1759.99999
0.2,1769.999981
0.19,3559.999943
0.16,4880.000114
0.19,7110.000134
0.18,8930.000305
0.14,8079.999924
0.22,5989.999771
0.16,4880.000114
0.15,5949.999809
0.15,5300.000191
0.18,4780.00021
0.2,6070.000172
0.18,6079.999924
0.12,0.0
0.14,3170.0
0.13,3230.0
0.16,3759.99999
0.1,4070.000172
0.13,4250.0
0.07,4030.00021
0.09,4010.000229
0.07,4139.999866
0.07,4079.999924
0.0,4219.99979
0.0,4449.999809
0.06,4849.999905
0.0,4360.000134
0.0,4440.000057
0.0,4820.000172
0.0,4619.999886
0.0,4480.000019
0.0,5139.999866
0.0,5110.000134
0.0,4829.999924
0.0,0.0
23.84,80050.0
24.96,78650.0
25.94,82400.00153
27.54,88190.00244
29.14,89489.99786
31.36,94190.00244
32.9,99809.99756
34.75,102750.0
37.55,107750.0
35.91,112169.9982
42.82,114180.0003
47.67,120790.0009
53.36,134929.9927
55.99,139020.0043
60.15,147740.0055
64.46,156270.0043
66.43,154910.0037
70.86,158339.9963
71.32,165539.9933
75.85,171250.0
72.01,0.0
0.5,16200.0
0.58,15960.0
0.58,15689.99958
0.71,16760.00023
0.45,17450.00076
0.53,15810.00042
0.6,16559.99947
0.68,16969.99931
0.96,19280.00069
1.54,21149.99962
1.64,22799.99924
1.55,23870.00084
2.29,23870.00084
3.24,26959.99908
3.98,29629.99916
4.03,31649.99962
4.2,29760.00023
2.99,24250.0
2.93,23959.99908
4.38,25209.99908
4.49,0.0
0.14,330.0
0.16,350.0
0.18,389.9999857
0.2,409.9999964
0.21,400.000006
0.23,409.9999964
0.24,439.9999976
0.26,460.0000083
0.27,479.9999893
0.31,1389.999986
0.32,490.0000095
0.32,540.0000215
0.31,699.9999881
0.31,469.9999988
0.32,479.9999893
0.32,490.0000095
0.32,500.0
0.32,500.0
0.32,509.9999905
0.33,519.9999809
0.31,0.0
50.37,132270.0
42.91,125260.0
39.7,117470.0012
46.73,127660.0037
57.35,141380.0049
59.89,145990.0055
65.58,154899.9939
72.95,162809.9976
76.62,167229.9957
74.01,156570.0073
78.54,167220.0012
84.43,176639.9994
91.86,177960.0067
91.55,183250.0
92.18,179600.0061
97.18,185550.0031
100.8,183160.0037
99.4,179320.0073
98.31,176899.9939
90.56,168100.0061
91.58,0.0
2.53,3560.0
2.62,3600.0
1.48,3119.999886
1.43,3500.0
1.72,3759.99999
1.72,4460.000038
1.39,4489.999771
1.4,5199.999809
1.42,5690.000057
1.08,4510.000229
1.35,4340.000153
2.25,4940.000057
3.19,5719.99979
2.98,5500.0
3.09,5480.000019
2.63,5340.000153
2.43,5070.000172
2.7,5369.999886
3.17,5710.000038
2.86,6170.000076
2.98,0.0
0.73,2379.883
0.76,2409.219
0.77,2438.555
0.79,2563.233
0.81,2618.238
0.86,2720.914
0.85,2717.247
0.88,2823.59
0.86,2658.575
0.87,2629.239
0.78,2508.228
0.77,2500.894
0.73,1349.456
0.74,861.745
0.73,872.746
0.75,898.415
0.76,883.747
0.79,0.0
0.76,0.0
0.77,0.0
0.73,0.0
181.05,339450.0
194.33,345640.0
197.29,353369.9951
195.13,352579.9866
203.66,365809.9976
195.95,370089.9963
198.72,375489.9902
208.59,385750.0
211.06,388940.0024
216.42,395290.0085
212.5,387540.0085
213.56,386380.0049
206.75,386970.0012
195.78,380279.9988
205.46,371630.0049
197.72,377799.9878
207.66,384989.9902
209.14,389160.0037
207.45,387070.0073
196.45,386529.9988
186.92,0.0
16.41,63530.0
18.82,67910.0
18.79,69370.00275
22.82,74459.99908
22.31,75800.00305
23.61,76239.99786
21.62,74099.99847
19.74,71239.99786
19.97,70730.00336
19.12,64419.99817
22.92,69959.99908
21.35,68269.99664
17.37,65110.00061
14.09,65750.0
11.42,62049.99924
14.26,63240.00168
14.17,63680.00031
16.37,65860.00061
14.98,63060.00137
16.22,64769.99664
13.77,0.0
16.13,27690.0
16.61,26400.0
16.47,26180.00031
17.69,28569.99969
17.76,28309.99947
17.12,30040.00092
19.83,30489.99977
18.31,27629.99916
18.24,30450.00076
15.57,25500.0
14.34,24309.99947
16.57,27280.00069
19.9,30110.00061
20.56,30940.00053
22.03,32240.00168
21.66,31770.00046
21.57,32240.00168
21.17,31959.99908
21.95,32729.99954
22.91,35509.99832
23.16,0.0
13.02,15880.0
13.74,16390.0
14.34,17219.99931
14.76,17940.00053
15.18,17930.00031
18.2,20690.00053
19.77,22489.99977
20.42,23000.0
21.45,24760.00023
21.21,24719.99931
22.39,25969.99931
22.88,26020.00046
23.29,27170.00008
24.36,28850.00038
25.62,30280.00069
26.77,30579.99992
26.8,30299.99924
27.47,30520.00046
27.77,30809.99947
31.43,33259.99832
29.85,0.0
13.93,21650.0
15.41,25780.0
16.55,27430.00031
17.47,28629.99916
22.05,30530.00069
24.15,32709.99908
27.86,35900.00153
28.45,37990.00168
31.36,41580.00183
34.6,44750.0
37.65,50580.00183
40.67,54419.99817
44.91,57990.00168
48.94,60599.99847
51.78,63830.00183
54.76,72190.00244
63.57,74379.99725
67.59,79339.99634
72.56,83449.99695
78.37,90739.99786
74.41,0.0
0.76,1240.0
0.8,1310.0
0.83,1370.000005
0.87,1379.999995
0.9,1360.000014
0.95,1419.999957
0.98,1470.000029
1.0,1480.000019
1.01,1779.999971
1.02,4619.999886
0.97,1549.999952
0.99,1759.99999
1.06,2119.999886
0.95,1440.000057
0.96,1269.999981
0.97,1269.999981
0.98,1289.999962
0.98,1179.999948
0.97,1240.00001
0.98,1250.0
0.93,0.0
24.51,52940.0
23.53,51880.0
24.84,51840.00015
25.0,52700.00076
29.31,56040.00092
29.07,56779.99878
29.79,59119.99893
29.81,57650.00153
32.79,60529.99878
28.38,57400.00153
32.68,61669.99817
30.12,58549.99924
28.78,59939.99863
29.31,59990.00168
32.36,59500.0
31.73,54819.99969
31.15,55139.99939
31.71,56009.99832
35.85,58950.00076
36.74,57669.99817
34.59,0.0
33.58,117270.0
31.2,118340.0
32.44,110849.9985
34.99,115500.0
34.11,114019.9966
34.39,110610.0006
33.46,108650.0015
34.84,104589.9963
32.82,106930.0003
37.0,99669.99817
38.39,106720.0012
32.51,96480.00336
30.62,95269.99664
27.37,96589.99634
25.03,90139.99939
27.57,95129.99725
26.19,94220.00122
26.9,92720.00122
27.75,93660.00366
29.32,93010.00214
30.0,0.0
0.09,450.0
0.06,530.0
0.06,519.9999809
0.11,509.9999905
0.1,439.9999976
0.1,469.9999988
0.05,509.9999905
0.06,529.9999714
0.03,500.0
0.05,1460.000038
0.18,560.0000024
0.14,670.0000167
0.2,670.0000167
0.15,460.0000083
0.19,479.9999893
0.23,680.0000072
0.21,649.9999762
0.35,639.9999857
0.39,629.9999952
0.41,639.9999857
0.38,0.0
0.08,1420.0
0.06,1740.0
0.06,2180.000067
0.07,2440.000057
0.08,2650.000095
0.1,2900.000095
0.14,3470.000029
0.2,4000.0
0.21,4019.999981
0.12,4420.000076
0.11,4829.999924
0.09,4650.000095
0.05,4440.000057
0.09,4679.999828
0.22,5190.000057
0.3,5510.000229
0.25,6739.999771
0.31,6869.999886
0.19,7420.000076
0.19,7300.000191
0.22,0.0
0.0,210.0
0.0,230.0
0.0,239.9999946
0.0,259.9999905
0.0,289.9999917
0.0,319.9999928
0.0,319.9999928
0.0,319.9999928
0.0,300.0000119
0.0,319.9999928
0.0,400.000006
0.0,589.9999738
0.0,639.9999857
0.0,670.0000167
0.0,699.9999881
0.0,769.9999809
0.0,930.0000072
0.0,970.0000286
0.0,1049.999952
0.0,1049.999952
0.0,0.0
5.01,13960.0
5.13,13760.0
5.19,14560.00042
6.36,14869.99989
6.34,15569.99969
6.21,16229.99954
7.0,17909.99985
7.32,18889.99939
9.36,20760.00023
8.86,20590.00015
8.55,20840.00015
10.24,23739.99977
9.27,21959.99908
9.6,21850.00038
9.61,19489.99977
9.47,19620.00084
11.37,22340.00015
11.68,22680.00031
11.76,22600.00038
10.36,21069.99969
10.82,0.0
0.89,4030.0
0.95,3870.0
0.84,4030.00021
0.68,3920.000076
0.74,3970.000029
0.81,4280.00021
0.75,4090.000153
0.58,4320.000172
0.55,4389.999866
0.41,4190.000057
0.5,3369.999886
0.45,3880.000114
0.33,3410.000086
0.86,5420.000076
2.17,6989.999771
2.79,6949.999809
2.52,6630.000114
2.84,7329.999924
2.96,7309.999943
3.05,7250.0
2.05,0.0
28.87,313670.0
35.19,319380.0
33.5,317760.0098
31.62,310809.9976
40.14,328519.989
39.56,331690.0024
39.4,335619.9951
37.64,352559.9976
55.87,373630.0049
36.32,350000.0
61.02,397929.9927
50.27,418309.9976
77.21,454230.011
112.0,486839.9963
136.58,511619.9951
128.85,485339.9963
93.06,447079.9866
101.9,456489.9902
86.69,433989.9902
90.91,434299.9878
81.15,0.0
19.79,43420.0
22.25,46190.0
19.75,43599.99847
22.02,47930.00031
21.44,47270.00046
20.98,47990.00168
21.76,48950.00076
25.38,52599.99847
25.86,50040.00092
23.39,42909.99985
24.97,44740.00168
29.75,49639.99939
25.45,45020.00046
21.96,39659.99985
23.66,42049.99924
24.57,44560.00137
21.74,41590.00015
23.25,43880.00107
21.03,40900.00153
19.75,39139.99939
16.12,0.0
0.22,940.0
0.27,970.0
0.3,959.9999785
0.35,1039.999962
0.37,1059.999943
0.39,1059.999943
0.44,1240.00001
0.47,1409.999967
0.45,1700.000048
0.53,1730.000019
0.51,2289.999962
0.6,2460.000038
0.76,2940.000057
0.87,3130.000114
1.02,3180.000067
1.33,3700.000048
1.39,3700.000048
1.48,4269.999981
1.42,4670.000076
1.51,5000.0
1.43,0.0
0.0,260.0
0.0,200.0
0.0,209.9999934
0.0,159.9999964
0.0,150.000006
0.0,150.000006
0.0,180.0000072
0.0,180.0000072
0.0,180.0000072
0.0,180.0000072
0.0,300.0000119
0.01,360.0000143
0.01,370.0000048
0.03,389.9999857
0.04,379.9999952
0.03,400.000006
0.03,439.9999976
0.08,529.9999714
0.1,689.9999976
0.12,720.0000286
0.11,0.0
0.42,1960.0
0.48,2150.0
0.66,2210.000038
0.67,2380.000114
0.73,2380.000114
0.86,2660.000086
0.98,2960.000038
1.25,3660.000086
1.23,4059.999943
1.02,4750.0
0.81,5139.999866
0.81,5360.000134
0.51,5670.000076
0.47,5739.999771
1.03,6949.999809
2.1,8430.000305
2.62,11069.99969
3.7,12689.99958
2.96,14579.99992
3.94,16180.00031
3.83,0.0
0.04,5210.0
0.06,5160.0
0.11,5130.000114
0.15,5210.000038
0.18,5119.999886
0.22,5019.999981
0.54,5090.000153
1.24,6130.000114
1.29,6389.999866
1.59,7030.00021
1.49,7010.000229
1.38,6809.999943
1.09,6880.000114
1.82,7550.000191
2.33,8250.0
3.37,8460.000038
2.58,9079.999924
2.78,9170.000076
3.29,9590.000153
2.99,9430.000305
2.84,0.0
155.56,514220.0
159.93,506620.0
155.12,524349.9756
157.35,544539.978
148.86,536419.9829
150.78,549030.0293
139.71,540530.0293
149.36,571630.0049
141.33,550469.9707
129.76,521320.0073
130.08,537010.0098
131.3,549289.978
124.2,546210.022
122.87,555659.9731
122.75,561679.9927
125.7,558700.0122
122.35,556830.0171
113.7,568080.0171
112.47,580090.0269
110.65,580210.022
102.19,0.0
0.02,240.0
0.02,250.0
0.02,250.0
0.02,230.0000042
0.03,230.0000042
0.03,219.9999988
0.03,230.0000042
0.02,239.9999946
0.02,170.0000018
0.02,170.0000018
0.03,170.0000018
0.03,189.9999976
0.03,200.000003
0.0,119.9999973
0.0,129.9999952
0.0,189.9999976
0.0,209.9999934
0.0,219.9999988
0.0,230.0000042
0.0,239.9999946
0.0,0.0
0.08,290.0
0.09,340.0
0.09,400.000006
0.1,449.9999881
0.11,449.9999881
0.11,479.9999893
0.12,509.9999905
0.12,500.0
0.14,540.0000215
0.17,790.0000215
0.18,1240.00001
0.18,1100.000024
0.23,1860.000014
0.26,2190.000057
0.27,2259.99999
0.28,2390.000105
0.28,2210.000038
0.29,2150.000095
0.29,2190.000057
0.3,2250.0
0.28,0.0
20.42,50420.0
19.59,48430.0
19.87,49119.99893
23.3,50200.00076
27.79,54970.00122
25.2,55970.00122
25.54,57150.00153
33.69,64569.99969
32.59,67989.99786
32.12,65449.99695
36.71,69750.0
41.0,76470.00122
45.17,78410.00366
48.0,83000.0
44.51,76559.99756
44.37,82230.00336
49.09,86489.99786
44.9,87069.99969
43.85,86610.00061
45.16,91370.00275
43.69,0.0
1113.3,3346530.0
1182.59,3529080.0
1337.46,3810060.059
1579.96,4415910.156
1795.41,5124819.824
2042.8,5824629.883
2364.16,6437470.215
2718.7,6993180.176
2762.29,7199600.098
2980.2,7719069.824
3326.19,8474919.922
3811.77,9282549.805
3869.38,9541870.117
4203.77,9984570.313
4345.86,10006669.92
4222.76,9861099.609
4355.0,9874660.156
4643.1,10096009.77
4990.28,10502929.69
5098.22,10707219.73
5184.13,0.0
10.21,58340.0
10.78,58940.0
10.25,56770.00046
9.6,56110.00061
8.87,56110.00061
9.71,57639.99939
10.13,57689.99863
9.93,59180.00031
8.77,59779.99878
14.77,62009.99832
15.96,63560.00137
10.11,69099.99847
12.96,69699.99695
21.71,76860.00061
20.99,79199.99695
27.22,80230.00336
25.02,82680.00031
16.07,74989.99786
19.11,78589.99634
23.84,81040.00092
27.17,0.0
0.02,100.0
0.03,110.0
0.03,109.9999994
0.03,140.0000006
0.04,150.000006
0.04,150.000006
0.04,170.0000018
0.04,109.9999994
0.04,109.9999994
0.04,140.0000006
0.04,170.0000018
0.05,150.000006
0.05,159.9999964
0.05,189.9999976
0.05,170.0000018
0.05,189.9999976
0.05,219.9999988
0.09,280.0000012
0.09,300.0000119
0.1,319.9999928
0.13,0.0
0.07,4950.0
0.11,5420.0
0.16,5519.999981
0.19,5800.000191
0.07,5940.000057
0.28,6269.999981
0.53,6559.999943
0.69,7599.999905
0.68,7519.999981
0.52,7199.999809
0.71,7110.000134
0.91,7429.999828
0.9,7449.999809
1.23,7780.00021
1.1,7829.999924
0.26,7539.999962
0.35,8079.999924
0.21,8260.000229
0.31,8369.999886
0.25,8239.999771
0.19,0.0
4.81,18040.0
5.59,19200.0
6.86,20280.00069
7.73,21610.00061
6.26,21100.00038
6.0,21450.00076
6.27,21610.00061
7.8,22879.99916
6.94,21729.99954
5.87,20309.99947
5.49,19459.99908
5.95,19030.00069
5.33,17409.99985
4.67,17010.00023
3.5,16239.99977
3.73,16600.00038
4.26,16879.99916
4.67,17409.99985
3.77,16430.00031
4.31,16520.00046
4.69,0.0
14.1,28350.0
14.37,27470.0
14.71,26420.00008
14.79,25629.99916
14.66,25360.00061
11.88,26319.99969
13.96,26780.00069
14.67,27680.00031
14.7,26750.0
14.82,26979.99954
14.66,28110.00061
14.99,27590.00015
15.55,28690.00053
16.4,28870.00084
16.52,26690.00053
17.37,29209.99908
17.64,27170.00008
17.57,26239.99977
17.64,26709.99908
16.54,25909.99985
15.47,0.0
3.37,7130.0
3.55,6990.0
3.79,7170.000076
4.05,7829.999924
4.2,7780.00021
4.38,7900.000095
4.65,8000.0
4.87,8310.00042
5.06,8489.999771
5.18,8279.999733
5.25,7900.000095
4.75,7630.000114
4.46,7099.999905
3.96,6429.999828
4.03,6809.999943
4.14,6849.999905
4.46,7219.99979
4.57,7360.000134
4.58,7199.999809
4.63,7190.000057
4.25,0.0
57.03,123170.0
56.9,122720.0
54.27,118529.9988
55.05,122769.9966
54.72,123440.0024
54.07,119989.9979
54.09,120599.9985
58.18,123620.0027
53.01,118309.9976
49.77,111169.9982
51.33,112250.0
51.15,109169.9982
48.22,106069.9997
45.89,101150.0015
45.51,97510.00214
46.27,99139.99939
48.52,101730.0034
47.81,101830.0018
47.51,100900.0015
45.44,96290.00092
39.72,0.0
30.43,52600.0
31.87,54250.0
32.49,53840.00015
38.09,59229.99954
30.9,53729.99954
26.43,50200.00076
36.41,58130.00107
29.01,53409.99985
26.52,50130.00107
26.32,47930.00031
26.44,48119.99893
21.05,43099.99847
15.86,38220.00122
18.78,39959.99908
14.2,35819.99969
10.0,33700.00076
12.16,35319.99969
9.23,33130.00107
9.61,33130.00107
6.44,29700.00076
5.28,0.0
0.18,370.0
0.18,380.0
0.19,400.000006
0.19,409.9999964
0.2,400.000006
0.24,430.0000072
0.26,430.0000072
0.3,469.9999988
0.32,469.9999988
0.33,469.9999988
0.36,519.9999809
0.36,479.9999893
0.37,500.0
0.41,560.0000024
0.09,400.000006
0.17,460.0000083
0.08,419.9999869
0.06,419.9999869
0.05,400.000006
0.06,419.9999869
0.05,0.0
0.04,130.0
0.05,150.0
0.04,119.9999973
0.05,140.0000006
0.04,159.9999964
0.05,159.9999964
0.05,170.0000018
0.06,180.0000072
0.06,180.0000072
0.06,500.0
0.07,180.0000072
0.06,180.0000072
0.07,250.0
0.06,170.0000018
0.07,180.0000072
0.08,180.0000072
0.07,180.0000072
0.05,170.0000018
0.04,170.0000018
0.07,170.0000018
0.12,0.0
7.34,18670.0
9.07,18980.0
10.98,20879.99916
11.38,18729.99954
9.58,17280.00069
10.14,18690.00053
11.36,20370.00084
11.98,20629.99916
10.34,20579.99992
10.13,19659.99985
12.5,20680.00031
13.33,20909.99985
13.86,21680.00031
14.54,21290.00092
14.63,21450.00076
15.59,23590.00015
16.53,24590.00015
16.07,23549.99924
16.89,25309.99947
16.91,27229.99954
13.74,0.0
2.82,22050.0
3.74,24250.0
4.1,24170.00008
4.11,24659.99985
5.59,26180.00031
5.09,28219.99931
6.17,30129.99916
7.33,30639.99939
6.68,31690.00053
8.36,34500.0
9.77,37250.0
8.47,37099.99847
9.57,37090.00015
10.98,39700.00076
11.36,41799.99924
11.34,41520.00046
10.77,39810.00137
7.4,38549.99924
7.97,40139.99939
7.09,39290.00092
6.45,0.0
1.7,5630.0
1.46,5870.0
1.57,5940.000057
1.46,6510.000229
1.61,6679.999828
1.64,6840.000153
2.11,7239.999771
2.21,7630.000114
2.08,6909.999847
2.38,6679.999828
2.0,6539.999962
1.97,6780.00021
2.08,6769.999981
2.15,6460.000038
2.1,6590.000153
2.44,7000.0
2.34,7170.000076
1.55,6380.000114
1.38,6809.999943
1.84,7800.000191
1.29,0.0
0.08,2220.0
0.05,3400.0
0.1,4630.000114
0.11,5010.000229
0.16,6199.999809
0.19,8319.999695
0.25,9369.999886
0.31,8539.999962
0.41,9779.999733
0.46,9710.000038
0.55,9949.999809
0.62,9989.999771
0.67,9819.999695
0.71,9180.000305
0.71,7909.999847
0.83,6570.000172
0.93,6659.999847
0.9,5800.000191
0.91,6429.999828
0.95,5349.999905
0.92,0.0
0.2,640.0
0.22,700.0
0.24,680.0000072
0.26,689.9999976
0.27,680.0000072
0.27,600.0000238
0.25,519.9999809
0.27,509.9999905
0.27,449.9999881
0.28,469.9999988
0.29,500.0
0.3,569.9999928
0.31,620.0000048
0.32,639.9999857
0.32,649.9999762
0.33,649.9999762
0.34,660.0000262
0.4,720.0000286
0.42,850.0000238
0.43,879.9999952
0.41,0.0
8.5,14920.0
8.47,15380.0
8.5,14949.99981
10.11,16940.00053
10.25,17020.00046
10.09,17229.99954
9.6,15979.99954
12.04,19979.99954
10.38,18399.99962
8.24,15050.00019
11.92,19000.0
11.71,18170.00008
10.49,16889.99939
12.05,19319.99969
11.06,17940.00053
8.59,15539.99996
10.58,15989.99977
11.3,16709.99908
10.38,15319.99969
5.47,10180.00031
3.11,0.0
0.06,690.0
0.06,610.0
0.06,620.0000048
0.06,629.9999952
0.06,629.9999952
0.06,660.0000262
0.06,649.9999762
0.06,660.0000262
0.06,629.9999952
0.06,699.9999881
0.06,649.9999762
0.03,660.0000262
0.04,680.0000072
0.04,750.0
0.04,750.0
0.04,769.9999809
0.04,839.9999738
0.04,889.9999857
0.04,910.0000262
0.04,959.9999785
0.04,0.0
0.06,3560.0
0.06,4400.0
0.06,4570.000172
0.06,5019.999981
0.06,5329.999924
0.06,5050.000191
0.06,5400.000095
0.17,5960.000038
0.44,6489.999771
0.42,6530.00021
0.08,6469.99979
0.07,7539.999962
0.04,8479.999542
0.03,10079.99992
0.02,12340.00015
0.02,12890.00034
0.01,14970.00027
0.01,15819.99969
0.01,17239.99977
0.01,18360.00061
0.01,0.0
0.18,810.0
0.17,1040.0
0.21,879.9999952
0.31,1049.999952
0.31,1470.000029
0.37,1289.999962
0.39,1379.999995
0.27,1259.99999
0.26,970.0000286
0.28,970.0000286
0.35,1159.999967
0.3,1110.000014
0.24,1029.999971
0.27,1129.999995
0.38,1289.999962
0.43,1379.999995
0.36,1519.999981
0.41,1649.999976
0.38,1629.999995
0.42,1629.999995
0.4,0.0
23.93,55100.0
29.98,61090.0
32.6,63439.99863
42.29,71709.99908
37.25,67680.00031
23.6,55459.99908
36.68,67019.99664
33.18,65099.99847
26.25,56659.99985
26.55,54180.00031
33.36,62529.99878
25.84,55119.99893
18.54,49409.99985
21.74,50189.99863
17.95,46159.99985
14.58,42819.99969
14.87,45700.00076
13.17,43020.00046
15.05,44580.00183
12.63,40709.99908
9.82,0.0
50.61,373120.0
46.48,376730.0
52.67,371019.989
57.38,376709.9915
56.53,377790.0085
63.35,380660.0037
56.9,371549.9878
58.18,362829.9866
55.57,357989.9902
51.32,343730.011
57.63,347779.9988
58.99,335140.0146
56.42,338420.0134
53.35,338559.9976
35.68,306100.0061
44.65,311299.9878
56.45,313920.0134
65.09,317829.9866
49.27,307049.9878
53.5,300519.989
48.14,0.0
0.48,6080.0
0.48,6230.0
0.51,5960.000038
0.57,6440.000057
0.6,6090.000153
0.71,6059.999943
0.67,5440.000057
0.89,4940.000057
0.89,5269.999981
0.87,5199.999809
0.97,5760.000229
1.13,5780.00021
1.18,5599.999905
1.09,5789.999962
1.13,5960.000038
1.12,6119.999886
1.28,6420.000076
1.25,5329.999924
1.26,5119.999886
1.25,5250.0
1.19,0.0
1.47,4770.0
1.31,3520.0
0.46,2960.000038
0.6,3160.000086
0.82,3369.999886
0.97,4239.999771
1.85,4699.999809
1.42,5630.000114
1.21,4840.000153
1.08,5619.999886
0.71,5320.000172
2.17,6519.999981
2.32,7190.000057
1.68,7840.000153
1.91,8470.000267
2.24,9199.999809
2.1,9649.999619
2.1,9729.999542
1.99,9569.999695
2.67,10109.99966
2.82,0.0
367.22,830280.0
372.69,847680.0
372.64,833380.0049
390.81,836789.978
385.24,821070.0073
386.96,802380.0049
390.03,814409.9731
402.4,783799.9878
390.43,789690.0024
358.07,734809.9976
378.9,773070.0073
373.16,746479.9805
377.89,760130.0049
381.52,776150.0244
360.28,736010.0098
359.99,742309.9976
368.67,747150.0244
353.37,732200.0122
334.65,707700.0122
284.09,657400.0244
251.4,0.0
0.58,5740.0
1.18,6210.0
2.1,7429.999828
1.86,7139.999866
0.64,6679.999828
1.1,7039.999962
2.64,8510.000229
3.06,9119.999886
2.0,8659.999847
1.96,10010.00023
2.98,11189.99958
3.42,11750.0
3.71,14609.99966
4.36,15630.00011
4.31,15090.00015
5.36,15779.99973
5.84,16069.99969
7.17,17010.00023
8.3,18680.00031
9.37,20040.00092
12.82,0.0
49.28,94460.0
50.14,96610.0
50.37,96599.99847
52.01,100220.0012
52.89,99839.99634
53.02,101949.9969
52.5,100699.9969
58.12,104309.9976
57.17,100410.0037
52.91,94739.99786
46.85,87580.00183
51.04,84550.00305
50.62,80089.99634
42.76,72480.00336
38.17,69550.00305
36.98,68010.00214
39.52,66849.99847
41.38,66800.00305
37.11,65019.99664
32.48,60000.0
30.61,0.0
0.13,210.0
0.14,230.0
0.15,239.9999946
0.16,250.0
0.15,230.0000042
0.15,250.0
0.17,259.9999905
0.18,280.0000012
0.19,289.9999917
0.2,810.0000024
0.2,289.9999917
0.2,310.0000024
0.19,409.9999964
0.19,319.9999928
0.19,250.0
0.19,270.0000107
0.2,280.0000012
0.21,289.9999917
0.21,319.9999928
0.21,330.0000131
0.2,0.0
2.84,9420.0
2.83,9810.0
3.35,10470.00027
4.1,10539.99996
3.45,10750.0
4.31,11529.99973
3.68,11520.00046
4.44,12409.99985
3.39,11239.99977
4.04,11850.00038
2.96,11439.99958
3.02,11739.99977
3.38,12149.99962
3.63,13000.0
3.83,13949.99981
4.72,16340.00015
4.88,17489.99977
3.92,16569.99969
5.08,18319.99969
5.51,19309.99947
4.41,0.0
0.34,1490.0
0.39,1570.0
0.4,1629.999995
0.47,1700.000048
0.39,1769.999981
0.39,1830.000043
0.39,1899.999976
0.41,1980.000019
0.44,2009.99999
0.44,2119.999886
0.44,2500.0
0.44,2619.999886
0.22,2480.000019
0.16,2180.000067
0.27,2240.00001
0.24,2539.999962
0.51,2819.999933
0.54,3339.999914
0.73,3750.0
0.75,3950.000048
0.71,0.0
0.03,150.0
0.03,150.0
0.02,150.000006
0.02,189.9999976
0.03,200.000003
0.03,209.9999934
0.03,219.9999988
0.03,230.0000042
0.03,219.9999988
0.03,230.0000042
0.03,239.9999946
0.03,239.9999946
0.03,250.0
0.03,250.0
0.03,270.0000107
0.06,280.0000012
0.08,310.0000024
0.08,310.0000024
0.08,319.9999928
0.08,330.0000131
0.08,0.0
0.82,1660.0
0.85,1640.0
0.85,1620.000005
0.77,1620.000005
0.8,1669.999957
0.6,1480.000019
0.62,1330.000043
0.65,1610.000014
0.66,1600.000024
0.61,1629.999995
0.73,1759.99999
0.77,1830.000043
0.81,2000.0
0.85,1980.000019
0.85,2059.999943
0.88,2079.999924
0.95,2480.000019
0.99,2470.000029
1.0,2589.999914
1.06,2849.999905
1.01,0.0
0.25,1470.0
0.29,1600.0
0.27,1830.000043
0.26,1809.999943
0.27,1669.999957
0.27,1700.000048
0.28,1720.000029
0.3,2049.999952
0.29,2029.999971
0.48,1990.00001
0.39,2460.000038
0.53,2700.000048
0.83,2420.000076
0.86,2650.000095
0.89,3019.999981
0.9,3279.999971
0.95,3359.999895
0.87,3329.999924
0.8,3289.999962
0.85,3319.999933
0.81,0.0
1.3,4990.0
1.86,5800.0
2.3,6090.000153
2.54,6730.000019
3.12,7559.999943
3.48,6969.99979
3.48,7969.99979
3.61,8539.999962
3.71,8590.000153
3.31,8069.999695
3.18,8180.000305
3.6,8810.00042
3.94,9239.999771
4.15,9369.999886
4.76,9460.000038
5.11,9930.000305
4.77,9470.000267
4.19,9260.000229
3.8,10050.00019
5.39,10220.00027
5.46,0.0
20.77,54630.0
22.03,56280.0
21.97,55599.99847
22.79,58189.99863
20.86,56349.99847
20.05,55919.99817
20.9,55459.99908
23.4,53849.99847
22.85,53009.99832
17.59,47840.00015
18.59,47880.00107
17.62,46909.99985
16.19,43430.00031
12.1,40759.99832
10.54,40630.00107
11.24,43380.00107
12.51,44250.0
13.25,46439.99863
12.43,46400.00153
13.2,46380.00107
13.2,0.0
0.0,2230.0
0.0,2160.0
0.01,2240.00001
0.01,2230.000019
0.01,2319.999933
0.01,2289.999962
0.01,2329.999924
0.0,2380.000114
0.0,2180.000067
0.0,2109.999895
0.0,1960.000038
0.0,1889.999986
0.0,1860.000014
0.0,2029.999971
0.0,2049.999952
0.0,2059.999943
0.0,1629.999995
0.0,1669.999957
0.0,1700.000048
0.0,1639.999986
0.0,0.0
475.35,937860.0
491.01,953540.0
517.51,985450.0122
545.36,1011770.02
567.86,1085670.044
579.32,1136469.971
599.24,1215209.961
636.68,1336739.99
674.27,1424380.005
728.56,1564880.005
771.78,1659979.98
828.16,1756739.99
893.45,1909439.941
924.93,1972430.054
1025.29,2147110.107
1080.44,2158020.02
1155.52,2195250.0
1198.85,2320409.912
1276.32,2451929.932
1273.59,2456300.049
1202.34,0.0
78.43,280650.0
83.96,302060.0
92.03,305640.0146
97.57,333890.0146
103.8,341239.9902
110.22,342149.9939
116.8,364470.0012
124.1,379959.9915
129.55,376140.0146
136.05,391079.9866
142.88,415519.989
161.41,475309.9976
177.83,481510.0098
189.66,447940.0024
203.11,483910.0037
209.71,488549.9878
217.97,482510.0098
222.64,517320.0073
235.41,576989.9902
247.39,619840.0269
238.91,0.0
29.41,87630.0
29.74,97550.0
31.34,91160.00366
26.23,81279.99878
29.89,88110.00061
22.94,85129.99725
26.07,82959.99908
25.85,76650.00153
31.35,88139.99939
39.83,94199.99695
41.49,108550.0031
47.48,113040.0009
39.13,129000.0
50.45,139100.0061
60.94,134039.9933
62.17,133169.9982
72.06,142229.9957
80.07,155080.0018
80.93,163149.9939
83.85,174559.9976
86.45,0.0
22.49,42530.0
23.61,44820.0
23.46,43930.00031
23.72,44090.00015
23.83,44689.99863
23.75,46650.00153
24.64,47259.99832
25.56,46360.00061
26.32,45779.99878
23.85,40560.00137
24.44,40189.99863
21.73,36680.00031
21.88,37130.00107
19.94,35709.99908
19.42,35529.99878
20.24,37060.00137
22.71,38819.99969
21.78,37779.99878
20.7,37659.99985
18.92,35750.0
18.51,0.0
40.07,57000.0
41.3,57950.0
42.74,61080.00183
44.18,62930.00031
44.41,63159.99985
45.65,61009.99832
47.5,64330.00183
50.53,66599.99847
53.34,66709.99908
54.67,65730.00336
58.41,70519.99664
59.34,69819.99969
62.57,76059.99756
60.76,67000.0
59.9,64720.00122
62.99,66139.99939
65.34,64980.00336
65.81,65610.00061
67.02,61080.00183
68.82,62650.00153
67.75,0.0
218.28,436300.0
216.73,436570.0
228.45,443470.0012
238.52,462200.0122
240.95,472399.9939
247.29,473829.9866
256.03,466649.9939
259.49,459369.9951
254.34,444980.011
218.32,397059.9976
220.93,405269.989
216.78,396690.0024
204.26,376750.0
175.07,346459.9915
156.76,327500.0
172.06,337859.9854
179.19,333339.9963
189.44,329190.0024
172.98,324880.0049
175.52,317239.9902
161.17,0.0
5.76,10060.0
5.85,10080.0
6.07,10250.0
6.23,10590.00015
6.25,10569.99969
6.4,10560.00042
6.43,12060.00042
5.09,12020.00046
3.57,9619.999886
3.64,7880.000114
3.55,7480.000019
3.56,7530.00021
3.46,6960.000038
3.5,7400.000095
3.45,7190.000057
3.45,7090.000153
3.63,7570.000172
3.5,7219.99979
3.48,8609.999657
3.6,8390.000343
3.43,0.0
578.29,1182610.0
564.95,1170380.0
605.12,1206599.976
633.76,1214949.951
621.6,1209849.976
634.09,1212819.946
628.77,1189520.02
705.37,1225069.946
663.88,1158219.971
611.86,1100979.98
689.89,1156479.98
777.1,1213520.02
920.39,1253609.985
897.88,1262780.029
892.18,1217119.995
844.23,1179439.941
832.4,1167790.039
806.12,1155229.98
780.61,1116150.024
735.66,1081569.946
716.67,0.0
6.89,16270.0
7.04,16250.0
7.59,16870.00084
7.47,17309.99947
8.37,18579.99992
9.01,19870.00084
10.38,20170.00008
12.14,21090.00015
12.92,20010.00023
13.33,20659.99985
13.81,20200.00076
13.7,20760.00023
15.52,24120.00084
16.15,23799.99924
17.1,25549.99924
17.63,25309.99947
17.61,24819.99969
18.1,26149.99962
17.04,24780.00069
16.41,24629.99916
15.72,0.0
44.11,120150.0
47.3,117440.0
49.44,131059.9976
55.24,146139.9994
58.89,158029.9988
60.06,169210.0067
63.89,185300.0031
68.45,198389.9994
72.89,242029.9988
71.85,213610.0006
74.63,229699.9969
78.7,245449.9969
82.98,244600.0061
84.88,260010.0098
86.37,209229.9957
82.2,190729.9957
82.65,202149.9939
91.48,214580.0018
96.36,216600.0061
95.39,212110.0006
96.7,0.0
2.02,8320.0
1.52,7610.0
1.1,7420.000076
0.99,6530.00021
1.45,7440.000057
1.69,8319.999695
1.84,9300.000191
1.87,9369.999886
2.22,9909.999847
2.73,11710.00004
2.12,12640.00034
2.4,13029.99973
2.03,12149.99962
2.58,14100.00038
1.67,15149.99962
1.43,17209.99908
1.43,19110.00061
2.29,18979.99954
1.46,17489.99977
1.25,22280.00069
0.92,0.0
0.01,30.0
0.01,30.0
0.01,39.99999911
0.02,39.99999911
0.02,50.00000075
0.02,70.0000003
0.02,70.0000003
0.02,59.99999866
0.02,59.99999866
0.02,59.99999866
0.02,50.00000075
0.02,50.00000075
0.02,59.99999866
0.02,59.99999866
0.02,59.99999866
0.02,59.99999866
0.03,70.0000003
0.03,90.00000358
0.03,90.00000358
0.03,90.00000358
0.03,0.0
30.38,49840.0
32.24,53190.0
34.18,55590.00015
37.41,58119.99893
38.78,61909.99985
41.11,69910.00366
44.75,72430.00031
45.83,70599.99847
48.64,75839.99634
50.02,77650.00153
53.66,80720.00122
54.04,83290.00092
57.45,85309.99756
57.32,87360.00061
61.23,85569.99969
64.18,89019.99664
65.83,91550.00305
68.36,90730.00336
69.58,91389.99939
70.45,92650.00153
66.89,0.0
1.32,6930.0
1.44,7360.0
1.49,7349.999905
1.63,7590.000153
1.49,7619.999886
1.5,7710.000038
2.1,8199.999809
1.94,8529.999733
2.06,8109.999657
2.01,7360.000134
2.99,8520.000458
3.01,7900.000095
2.06,7570.000172
2.67,7449.999809
2.34,7280.00021
2.76,7320.000172
2.94,7150.000095
2.07,7119.999886
3.23,7789.999962
3.25,7570.000172
2.08,0.0
8.75,15670.0
9.24,16890.0
10.38,16840.00015
10.64,17409.99985
10.68,17879.99916
10.7,17280.00069
10.26,16229.99954
10.8,15039.99996
12.2,18649.99962
12.36,21899.99962
13.98,20860.00061
14.57,21180.00031
14.54,23469.99931
16.49,23239.99977
16.7,25149.99962
17.06,27010.00023
17.82,27809.99947
19.52,29319.99969
19.57,27790.00092
19.24,27950.00076
18.28,0.0
0.0,390.0
0.0,400.0
0.0,409.9999964
0.0,409.9999964
0.0,430.0000072
0.0,430.0000072
0.0,430.0000072
0.0,439.9999976
0.0,460.0000083
0.0,529.9999714
0.0,550.0000119
0.0,569.9999928
0.0,620.0000048
0.0,610.0000143
0.0,610.0000143
0.0,649.9999762
0.0,689.9999976
0.0,699.9999881
0.0,730.0000191
0.0,769.9999809
0.0,0.0
0.2,430.0
0.2,450.0
0.2,449.9999881
0.2,479.9999893
0.2,560.0000024
0.2,670.0000167
0.2,689.9999976
0.25,639.9999857
0.25,540.0000215
0.25,540.0000215
0.25,730.0000191
0.28,850.0000238
0.28,949.9999881
0.28,920.0000167
0.28,1220.000029
0.29,1259.99999
0.38,1409.999967
0.37,1279.999971
0.32,1129.999995
0.31,1179.999948
0.36,0.0
14.56,44720.0
15.15,44450.0
16.48,45590.00015
17.81,48919.99817
18.99,48459.99908
21.31,52990.00168
23.26,52919.99817
24.66,49389.99939
28.88,53270.00046
29.18,56400.00153
30.6,59549.99924
24.43,41950.00076
32.21,57630.00107
35.63,58610.00061
35.46,58000.0
35.26,51330.00183
29.52,50950.00076
31.27,55159.99985
32.11,56619.99893
31.68,56799.99924
30.09,0.0
2.27,10510.0
2.6,11150.0
2.66,11220.00027
2.85,11229.99954
3.05,11909.99985
3.42,12829.99992
2.79,13020.00046
2.82,13210.00004
2.6,13060.00042
2.84,11689.99958
3.84,12600.00038
2.88,11850.00038
3.12,11930.00031
2.45,11329.99992
1.95,10859.99966
2.32,11069.99969
1.31,11199.99981
0.82,11220.00027
0.55,11649.99962
0.67,11729.99954
1.96,0.0
0.24,8560.0
0.7,9120.0
2.65,9819.999695
2.65,10239.99977
3.18,11659.99985
3.14,11909.99985
3.29,11720.00027
2.93,11109.99966
2.44,11020.00046
2.88,10439.99958
2.97,11029.99973
2.4,10899.99962
2.45,10689.99958
1.48,10149.99962
1.51,9649.999619
0.91,9130.000114
0.33,8850.000381
0.3,9000.0
0.28,9319.999695
0.27,9489.999771
0.25,0.0
0.24,1650.0
0.36,1670.0
0.33,1120.000005
0.39,1549.999952
0.47,1649.999976
0.47,1710.000038
0.5,1639.999986
0.47,1720.000029
0.54,1779.999971
0.5,1690.000057
0.62,1870.000005
0.66,2190.000057
0.95,2740.00001
1.04,2930.000067
1.08,3009.99999
1.11,3279.999971
1.12,3180.000067
1.4,3470.000029
1.29,3349.999905
1.1,4119.999886
1.29,0.0
0.15,710.0
0.15,680.0
0.16,680.0000072
0.12,750.0
0.15,769.9999809
0.14,759.9999905
0.14,779.9999714
0.14,829.9999833
0.11,959.9999785
0.13,980.0000191
0.13,889.9999857
0.13,930.0000072
0.13,949.9999881
0.13,980.0000191
0.13,850.0000238
0.13,930.0000072
0.15,1120.000005
0.19,1190.000057
0.2,1379.999995
0.2,1450.000048
0.21,0.0
62.91,124360.0
69.71,129460.0
74.78,136380.0049
77.25,144490.0055
89.3,158270.0043
91.79,167419.9982
96.31,174100.0061
101.52,189940.0024
105.01,202910.0037
107.66,181929.9927
117.16,200220.0012
117.43,202740.0055
123.23,205809.9976
127.86,223660.0037
133.16,236649.9939
135.17,236539.9933
135.56,235960.0067
132.7,227619.9951
142.27,244410.0037
149.7,253270.0043
138.77,0.0
0.1,460.0
0.11,480.0
0.12,620.0000048
0.13,529.9999714
0.15,750.0
0.17,720.0000286
0.2,870.0000048
0.23,870.0000048
0.26,870.0000048
0.28,910.0000262
0.34,959.9999785
0.36,1009.99999
0.39,1139.999986
0.4,1129.999995
0.5,1370.000005
0.56,1370.000005
0.6,1759.99999
0.6,1860.000014
0.61,2099.999905
0.61,2109.999895
0.57,0.0
0.14,1410.0
0.15,1610.0
0.15,1399.999976
0.17,1399.999976
0.18,1480.000019
0.29,1649.999976
0.31,1889.999986
0.31,2069.999933
0.37,2079.999924
0.39,2509.99999
0.53,2779.999971
0.66,3119.999886
0.89,3109.999895
1.04,3220.000029
0.85,3380.000114
1.05,3650.000095
1.15,4670.000076
1.64,5179.999828
1.97,5469.99979
2.15,5829.999924
2.04,0.0
1.92,2130.0
1.94,2490.0
2.05,2319.999933
2.24,2609.999895
2.22,2599.999905
2.24,2630.000114
2.26,2650.000095
2.3,2720.000029
2.31,2720.000029
2.17,2509.99999
2.11,2589.999914
2.17,2569.999933
2.27,2720.000029
2.22,2369.999886
2.17,2359.999895
1.2,1659.999967
0.72,1350.000024
1.48,1519.999981
1.77,1549.999952
1.86,1659.999967
1.9,0.0
0.2,1270.0
0.24,1400.0
0.47,1549.999952
0.43,1480.000019
0.47,1639.999986
0.45,1509.99999
0.4,1730.000019
0.42,1990.00001
0.49,1899.999976
0.47,2349.999905
0.52,2400.000095
0.7,2460.000038
0.77,2730.000019
0.73,2589.999914
0.76,2900.000095
0.82,3559.999943
0.92,3259.99999
1.18,3490.00001
1.26,3690.000057
1.36,3950.000048
1.29,0.0
1.4,2430.0
1.49,2570.0
1.52,2609.999895
1.61,2750.0
1.68,2769.999981
1.52,2960.000038
1.87,3299.999952
1.97,3400.000095
2.06,3470.000029
1.97,3420.000076
2.1,3660.000086
2.2,3640.000105
2.29,3730.000019
2.35,3819.999933
2.38,3950.000048
2.37,3960.000038
2.42,4039.999962
2.52,4170.000076
2.45,4130.000114
2.5,4170.000076
2.17,0.0
141.8,379180.0
153.32,378830.0
159.81,386000.0
160.45,404690.0024
173.66,414100.0061
178.76,432190.0024
182.76,448299.9878
191.83,457119.9951
184.51,459549.9878
194.75,448369.9951
207.38,462869.9951
219.88,478399.9939
229.14,486450.0122
231.23,475739.9902
223.43,462239.9902
234.28,471630.0049
239.78,473309.9976
242.69,471579.9866
259.92,452570.0073
248.2,449269.989
245.46,0.0
2.82,9000.0
2.89,8970.0
2.99,9600.000381
3.02,9310.00042
3.19,9560.00042
3.3,11060.00042
3.43,12420.00008
3.6,13020.00046
3.9,12970.00027
3.93,13640.00034
4.01,14310.00042
4.21,15729.99954
4.47,17139.99939
4.6,18379.99916
4.86,18120.00084
4.97,17299.99924
5.09,18170.00008
5.27,19579.99992
5.71,21549.99924
5.88,23069.99969
6.04,0.0
0.86,2099.999905
1.29,2690.000057
0.69,1750.0
1.27,2579.999924
1.45,2539.999962
1.37,2329.999924
1.44,2269.999981
1.42,2220.000029
1.51,2359.999895
1.3,2150.000095
1.36,2269.999981
1.55,2500.0
1.5,2599.999905
1.62,0.0
11.36,32880.0
13.13,36270.0
14.13,37470.00122
14.84,37250.0
15.71,40990.00168
17.59,43580.00183
18.1,45000.0
18.15,46349.99847
18.42,48630.00107
17.09,48750.0
19.54,51759.99832
22.3,55939.99863
24.97,58080.00183
22.59,57590.00015
24.13,58689.99863
25.09,60409.99985
25.74,60319.99969
26.86,63520.00046
27.71,64959.99908
32.38,71480.00336
31.36,0.0
0.03,1430.0
0.04,1410.0
0.04,1570.000052
0.05,1899.999976
0.05,1909.999967
0.04,1710.000038
0.04,1860.000014
0.04,2230.000019
0.04,2240.00001
0.04,2490.00001
0.05,2680.000067
0.06,3349.999905
0.06,3680.000067
0.28,4199.999809
1.19,4860.000134
2.07,5519.999981
2.82,7280.00021
2.63,7210.000038
2.94,6949.999809
3.65,7500.0
3.49,0.0
2.8,9440.0
2.45,8350.0
2.55,8300.000191
2.86,10489.99977
2.79,10149.99962
2.66,10720.00027
2.47,9970.000267
2.39,10390.00034
2.19,7900.000095
1.47,7489.999771
2.1,8130.000114
2.02,8689.99958
2.73,11960.00004
3.18,13600.00038
4.99,17040.00092
6.12,19040.00092
7.53,21860.00061
9.18,32500.0
9.78,32939.99863
12.78,36720.00122
12.25,0.0
0.04,1940.0
0.0,2460.0
0.0,2130.000114
0.01,2269.999981
0.0,2380.000114
0.04,2529.999971
0.09,2529.999971
0.04,2619.999886
0.17,2950.000048
0.08,3019.999981
0.05,3130.000114
0.03,3329.999924
0.03,3529.999971
0.06,3789.999962
0.02,3950.000048
0.03,4199.999809
0.06,4130.000114
0.06,4269.999981
0.02,4230.000019
0.04,4219.99979
0.06,0.0
0.03,90.0
0.03,80.0
0.03,79.99999821
0.03,70.0000003
0.03,70.0000003
0.03,70.0000003
0.03,50.00000075
0.02,39.99999911
0.02,39.99999911
0.02,39.99999911
0.02,39.99999911
0.02,39.99999911
0.02,39.99999911
0.02,50.00000075
0.02,50.00000075
0.03,59.99999866
0.03,59.99999866
0.03,70.0000003
0.03,59.99999866
0.03,59.99999866
0.04,0.0
0.06,3220.0
0.02,3460.0
0.02,2789.999962
0.0,3019.999981
0.01,2809.999943
0.01,3190.000057
0.01,2619.999886
0.01,2690.000057
0.01,2990.00001
0.01,3880.000114
0.0,4639.999866
0.0,5199.999809
0.02,6000.0
0.01,6090.000153
0.0,7130.000114
0.0,7190.000057
0.0,10409.99985
0.0,12479.99954
0.0,15189.99958
0.0,13449.99981
0.0,0.0
82.49,162100.0
86.14,167120.0
87.86,167429.9927
88.62,170360.0006
91.89,172119.9951
88.22,167929.9927
87.17,163699.9969
93.21,164550.0031
93.7,165220.0012
98.48,160490.0055
103.95,171110.0006
97.35,158770.0043
86.69,157470.0012
86.51,157089.9963
87.48,149789.9933
91.03,157410.0037
95.09,158539.9933
94.81,155759.9945
91.26,151360.0006
94.09,146339.9963
85.95,0.0
10.69,29450.0
13.51,31620.0
11.39,31540.00092
12.62,33400.00153
10.91,32840.00015
13.93,34229.99954
13.99,34270.00046
13.95,33270.00046
14.42,34169.99817
11.49,31170.00008
11.27,31049.99924
10.07,30290.00092
11.74,32110.00061
10.55,31889.99939
8.66,31969.99931
8.42,32279.99878
6.73,31190.00053
7.98,32930.00031
7.13,32360.00061
7.84,34009.99832
8.42,0.0
1.69,3770.0
1.87,3930.0
2.01,4059.999943
1.78,4559.999943
1.67,4530.00021
1.82,4340.000153
1.95,4550.000191
1.93,4699.999809
1.96,4500.0
2.39,4389.999866
2.17,4510.000229
2.35,4769.999981
2.22,4690.000057
1.99,4469.99979
2.07,4760.000229
2.2,5269.999981
2.09,5380.000114
2.08,5480.000019
2.05,5110.000134
2.17,5239.999771
2.0,0.0
0.18,670.0
0.16,670.0
0.17,699.9999881
0.18,759.9999905
0.19,790.0000215
0.22,759.9999905
0.21,750.0
0.21,819.9999928
0.21,860.0000143
0.24,1080.000043
0.27,1370.000005
0.32,1409.999967
0.38,1889.999986
0.41,1970.000029
0.41,2150.000095
0.5,2109.999895
0.49,2109.999895
0.52,1909.999967
0.49,1950.000048
0.56,2150.000095
0.38,0.0
8.45,97220.0
8.98,101950.0
12.51,92239.99786
11.97,101000.0
15.2,98730.00336
14.83,98720.00122
15.83,88769.99664
15.74,81120.00275
14.47,86930.00031
14.33,76949.99695
18.56,90059.99756
19.88,95000.0
21.66,95339.99634
22.14,108129.9973
25.26,114830.0018
25.1,107760.0021
23.89,110830.0018
25.06,108500.0
24.11,109889.9994
23.16,115279.9988
21.98,0.0
5.64,8760.0
5.74,8920.0
5.33,8369.999886
5.36,9140.000343
5.18,8840.000153
5.45,9229.999542
5.36,9220.000267
5.49,9699.999809
5.47,9479.999542
5.55,8869.999886
4.83,8640.000343
5.33,9520.000458
5.22,9050.000191
4.5,8140.000343
4.09,7699.999809
3.62,7409.999847
3.56,7300.000191
4.31,7789.999962
3.65,7300.000191
4.53,8300.000191
3.86,0.0
0.32,34290.0
0.42,34720.0
0.42,34369.99893
0.56,37169.99817
0.59,37340.00015
0.58,36349.99847
0.69,37200.00076
1.0,37750.0
0.67,36869.99893
4.41,37430.00031
5.12,41409.99985
4.31,39599.99847
2.95,38490.00168
2.85,39500.0
3.0,39110.00061
2.99,39490.00168
2.97,38759.99832
2.93,37720.00122
2.96,37590.00015
2.76,35950.00076
2.2,0.0
8.56,25110.0
9.15,28030.0
9.71,29969.99931
10.07,31700.00076
10.81,31260.00023
11.89,31010.00023
13.26,39189.99863
13.32,42259.99832
14.88,41310.00137
16.75,43590.00015
18.63,47080.00183
20.56,53619.99893
23.52,60549.99924
24.67,63009.99832
27.38,66389.99939
30.79,70129.99725
32.17,72129.99725
33.96,71930.00031
35.45,75599.99847
36.03,76029.99878
34.21,0.0
45.23,98370.0
47.33,99840.0
47.69,102330.0018
48.18,105660.0037
52.87,118650.0015
55.7,121669.9982
59.1,132479.9957
58.94,146259.9945
57.32,142160.0037
60.55,145139.9994
59.31,140619.9951
61.62,141699.9969
62.13,143809.9976
67.27,146059.9976
68.28,154240.0055
71.17,164130.0049
82.57,181110.0006
91.08,198830.0018
87.95,187309.9976
86.44,190570.0073
84.55,0.0
1.36,5280.0
2.43,6220.0
1.75,5409.999847
2.55,5530.00021
1.83,5610.000134
1.95,7119.999886
2.28,7489.999771
2.65,7480.000019
2.25,7300.000191
2.82,8699.999809
2.95,9189.99958
3.42,9989.999771
2.94,10460.00004
3.47,10250.0
3.16,10760.00023
2.66,10699.99981
2.76,10770.00046
2.73,10130.00011
1.9,10060.00042
4.15,13340.00015
2.7,0.0
1.14,2830.0
1.59,3390.0
1.76,3609.999895
2.03,4079.999924
2.14,4949.999809
2.05,4929.999828
2.0,4780.00021
2.0,5050.000191
1.94,4760.000229
2.03,5030.00021
2.07,5019.999981
2.11,5159.999847
2.18,4889.999866
2.35,5239.999771
2.53,5889.999866
2.67,6510.000229
2.79,7659.999847
2.99,7610.000134
3.13,7559.999943
3.16,7579.999924
3.36,0.0
0.01,3520.0
0.01,3610.0
0.01,3779.999971
0.02,3940.000057
0.0,3970.000029
0.0,3700.000048
0.0,3950.000048
0.0,3720.000029
0.0,4320.000172
0.0,4570.000172
0.0,5039.999962
0.0,5219.99979
0.0,5179.999828
0.04,5300.000191
0.04,5630.000114
0.04,6369.999886
0.0,7179.999828
0.0,8060.00042
0.0,8470.000267
0.07,8210.000038
0.07,0.0
3.47,28630.0
2.94,26540.0
3.66,27729.99954
4.05,27159.99985
6.36,31239.99977
7.29,31290.00092
7.1,30840.00015
9.68,33810.00137
12.88,38290.00092
11.97,41169.99817
14.15,45000.0
15.65,48430.00031
16.72,48119.99893
18.8,49750.0
20.41,53169.99817
21.39,54549.99924
23.9,56860.00061
21.62,54270.00046
21.4,54590.00015
22.16,56750.0
19.1,0.0
24.29,72100.0
27.72,70480.0
29.29,71569.99969
33.03,73629.99725
34.83,75139.99939
35.94,76669.99817
34.12,69470.00122
38.29,73220.00122
37.75,75150.00153
39.1,76300.00305
46.55,81930.00031
49.04,82629.99725
51.82,86180.00031
55.06,95500.0
57.07,101819.9997
60.82,111010.0021
68.44,121959.9991
71.03,133500.0
76.05,138570.0073
83.3,145419.9982
79.27,0.0
140.85,295770.0
140.94,293630.0
139.72,287320.0073
147.76,297730.011
149.06,301850.0061
151.2,301350.0061
156.16,314089.9963
153.08,313380.0049
148.03,308329.9866
142.4,297260.0098
146.12,313739.9902
149.88,310589.9963
144.75,303350.0061
146.85,298299.9878
138.53,285730.011
141.55,289079.9866
143.28,299799.9878
145.8,312859.9854
147.87,311910.0037
137.58,295130.0049
128.91,0.0
30.51,61660.0
30.43,61380.0
35.92,65599.99847
28.82,60520.00046
32.51,62130.00107
37.93,65470.00122
32.85,60450.00076
30.68,58799.99924
30.84,56840.00015
31.19,56299.99924
25.34,50939.99863
27.77,49869.99893
26.2,48220.00122
21.06,46560.00137
20.39,45930.00031
26.9,49849.99847
26.83,48759.99832
35.12,53330.00183
29.0,49500.0
24.32,44639.99939
21.43,0.0
8.59,28660.0
9.35,28650.0
10.28,32500.0
11.29,34740.00168
12.44,37069.99969
13.53,38540.00092
16.06,43770.00046
18.29,49830.00183
20.32,53040.00092
22.71,54069.99969
26.46,60580.00183
28.87,68190.00244
32.7,75080.00183
32.65,76169.99817
36.46,81660.00366
39.11,84779.99878
39.88,86919.99817
42.94,87540.00092
45.16,86419.99817
46.98,91970.00122
44.63,0.0
31.32,89020.0
33.18,95230.0
32.86,93739.99786
36.67,98139.99939
34.43,95349.99847
33.64,94709.99908
38.71,99260.00214
37.96,96730.00336
36.5,95419.99817
30.43,80709.99908
28.69,77620.00275
33.93,84059.99756
32.38,81849.99847
26.78,72089.99634
26.39,71540.00092
28.09,73319.99969
26.33,71589.99634
28.15,74209.99908
26.87,75190.00244
23.27,73949.99695
19.54,0.0
0.0,540.0
0.0,560.0
0.0,560.0000024
0.0,550.0000119
0.01,560.0000024
0.04,550.0000119
0.12,550.0000119
0.11,579.9999833
0.11,560.0000024
0.14,589.9999738
0.16,600.0000238
0.18,680.0000072
0.2,750.0
0.23,810.0000024
0.26,860.0000143
0.28,980.0000191
0.36,1159.999967
0.4,1190.000057
0.49,1289.999962
0.55,1330.000043
0.32,0.0
0.05,150.0
0.05,160.0
0.05,170.0000018
0.05,170.0000018
0.05,189.9999976
0.05,209.9999934
0.06,200.000003
0.06,200.000003
0.06,170.0000018
0.06,180.0000072
0.06,189.9999976
0.07,200.000003
0.07,200.000003
0.08,200.000003
0.09,209.9999934
0.09,239.9999946
0.09,300.0000119
0.09,310.0000024
0.09,289.9999917
0.09,300.0000119
0.1,0.0
0.02,50.0
0.02,50.0
0.02,59.99999866
0.02,70.0000003
0.03,70.0000003
0.04,79.99999821
0.03,79.99999821
0.03,79.99999821
0.04,90.00000358
0.04,90.00000358
0.05,100.0000015
0.05,100.0000015
0.05,119.9999973
0.06,119.9999973
0.07,119.9999973
0.07,119.9999973
0.08,129.9999952
0.08,140.0000006
0.08,140.0000006
0.08,150.000006
0.09,0.0
138.68,249660.0
146.09,254090.0
154.91,272250.0
166.58,284829.9866
173.41,299890.0146
191.05,315290.0085
196.31,335440.0024
204.43,354619.9951
204.2,389720.0012
217.31,406529.9988
240.06,446130.0049
250.07,463769.989
271.68,492470.0012
284.02,503209.9915
311.81,540520.0195
338.34,565190.0024
337.38,561229.9805
354.3,545070.0073
334.7,521260.0098
335.24,523780.0293
337.82,0.0
1.39,4060.0
1.63,4460.0
1.55,4579.999924
1.52,4489.999771
1.65,5389.999866
1.94,5670.000076
1.99,5570.000172
2.22,6199.999809
2.31,6440.000057
2.36,6670.000076
2.42,7030.00021
2.47,7570.000172
2.71,7449.999809
2.83,8010.000229
3.15,8569.999695
3.36,9289.999962
3.68,10130.00011
3.9,9800.000191
3.97,10180.00031
4.45,10619.99989
4.23,0.0
26.51,51459.99908
27.26,49830.00183
27.17,46869.99893
25.53,47099.99847
29.35,51229.99954
26.89,45790.00092
29.01,46470.00122
22.41,38959.99908
27.48,45389.99939
27.75,46619.99893
27.15,47340.00015
25.77,46130.00107
26.35,45950.00076
27.02,0.0
0.18,290.0
0.18,320.0
0.2,349.999994
0.21,340.0000036
0.21,379.9999952
0.22,379.9999952
0.24,389.9999857
0.25,400.000006
0.25,419.9999869
0.26,449.9999881
0.28,439.9999976
0.38,409.9999964
0.39,430.0000072
0.4,419.9999869
0.41,469.9999988
0.43,509.9999905
0.46,579.9999833
0.47,579.9999833
0.48,579.9999833
0.49,610.0000143
0.53,0.0
0.07,330.0
0.12,440.0
0.13,500.0
0.12,550.0000119
0.1,529.9999714
0.06,449.9999881
0.04,589.9999738
0.04,500.0
0.04,519.9999809
0.04,519.9999809
0.04,560.0000024
0.02,740.0000095
0.06,860.0000143
0.05,1039.999962
0.04,1149.999976
0.05,910.0000262
0.06,930.0000072
0.06,939.9999976
0.06,860.0000143
0.02,899.9999762
0.02,0.0
29.0,42120.0
32.05,42030.0
33.53,41290.00092
34.21,38159.99985
35.56,39619.99893
36.84,36900.00153
38.03,37169.99817
39.64,38290.00092
40.27,38419.99817
40.47,38830.00183
43.05,42409.99985
43.66,44770.00046
44.51,43689.99863
45.5,43909.99985
46.68,44400.00153
47.45,45430.00031
48.58,46099.99847
49.16,49139.99939
49.87,47400.00153
50.96,47380.00107
50.04,0.0
4.95,14540.0
5.35,15380.0
5.66,15520.00046
5.54,15409.99985
5.6,15699.99981
5.66,15920.00008
5.86,16290.00092
5.96,16280.00069
5.83,17360.00061
5.75,15510.00023
5.85,15779.99973
5.82,15699.99981
5.69,15119.99989
5.39,14550.00019
4.18,13109.99966
4.8,13140.00034
5.45,13899.99962
5.32,14119.99989
5.12,14069.99969
5.03,13600.00038
4.96,0.0
0.06,240.0
0.06,250.0
0.06,259.9999905
0.06,270.0000107
0.06,310.0000024
0.07,340.0000036
0.07,340.0000036
0.08,340.0000036
0.08,319.9999928
0.08,330.0000131
0.08,340.0000036
0.08,349.999994
0.08,349.999994
0.09,389.9999857
0.09,340.0000036
0.09,310.0000024
0.1,360.0000143
0.1,349.999994
0.1,360.0000143
0.1,360.0000143
0.1,0.0
0.23,490.0
0.25,510.0
0.26,569.9999928
0.26,579.9999833
0.26,579.9999833
0.27,579.9999833
0.28,579.9999833
0.29,620.0000048
0.3,620.0000048
0.31,610.0000143
0.31,629.9999952
0.31,629.9999952
0.32,629.9999952
0.33,649.9999762
0.33,649.9999762
0.33,649.9999762
0.33,660.0000262
0.33,660.0000262
0.33,660.0000262
0.33,689.9999976
0.35,0.0
181.67,284660.0
183.36,320540.0
188.79,331320.0073
204.39,353089.9963
212.63,379989.9902
215.23,377649.9939
223.25,379790.0085
232.91,397059.9976
226.32,426739.9902
218.17,404200.0122
227.57,425309.9976
229.06,409260.0098
226.84,426779.9988
223.28,436920.0134
218.42,447929.9927
214.88,424809.9976
213.09,425140.0146
212.77,435649.9939
214.25,434350.0061
208.39,439640.0146
197.5,0.0
124.22,293310.0
120.06,294790.0
143.72,312750.0
139.67,318660.0037
159.91,335559.9976
184.65,350500.0
182.98,341779.9988
188.13,354679.9927
189.55,324269.989
164.69,287489.9902
138.39,273250.0
146.12,274399.9939
145.33,269269.989
113.32,242809.9976
107.37,240960.0067
123.19,256279.9988
107.93,247029.9988
126.93,263450.0122
112.23,257040.0085
111.55,239979.9957
87.64,0.0
3.28,10930.0
3.44,10850.0
4.12,11390.00034
4.14,12409.99985
4.94,12869.99989
5.5,13979.99954
4.55,12399.99962
5.57,13590.00015
5.46,12810.00042
5.67,12289.99996
4.76,13069.99969
6.47,15420.00008
7.89,16850.00038
4.52,14479.99954
7.1,17600.00038
6.38,20360.00061
9.01,21930.00031
10.1,23360.00061
7.92,21690.00053
10.18,23780.00069
9.64,0.0
1.23,5690.0
1.38,6250.0
1.59,7710.000038
2.0,7929.999828
2.2,8829.999924
2.38,10500.0
2.9,12899.99962
3.28,13960.00004
3.76,14949.99981
3.07,15479.99954
1.3,16420.00008
1.9,15920.00008
2.53,15800.00019
1.82,15220.00027
2.23,16120.00084
4.09,18709.99908
5.6,21129.99916
5.45,20959.99908
5.82,20860.00061
5.98,20620.00084
5.68,0.0
0.69,1480.0
0.69,1520.0
0.69,1120.000005
0.69,1230.000019
0.69,1389.999986
0.7,1690.000057
0.7,1529.999971
0.7,1409.999967
0.7,1460.000038
0.7,1450.000048
0.48,1740.00001
0.86,1950.000048
1.07,2440.000057
1.09,2289.999962
1.37,2619.999886
1.46,2720.000029
1.12,2950.000048
0.95,2500.0
0.89,2210.000038
0.99,2650.000095
0.94,0.0
4.77,53280.0
6.17,52500.0
7.44,54020.00046
9.24,55200.00076
6.02,53590.00015
4.76,50209.99908
5.24,48900.00153
4.42,47139.99939
4.6,46150.00153
4.62,42880.00107
8.53,48130.00107
5.72,44580.00183
4.09,42139.99939
3.88,40540.00092
2.93,39080.00183
3.15,39189.99863
3.66,38779.99878
3.47,38290.00092
3.66,36009.99832
3.35,35000.0
2.44,0.0
2.63,43710.0
2.72,45150.0
2.79,43569.99969
2.86,44840.00015
2.92,45279.99878
2.97,45849.99847
3.1,45479.99954
3.01,43540.00092
3.04,44959.99908
3.0,43669.99817
3.32,45209.99908
3.34,41189.99863
3.51,42520.00046
3.48,43529.99878
3.37,39790.00092
3.33,39090.00015
3.69,39669.99817
3.67,38700.00076
3.54,37479.99954
3.58,37380.00107
3.62,0.0
0.21,2200.0
0.17,2150.0
0.13,2130.000114
0.16,2180.000067
0.14,2599.999905
0.12,2470.000029
0.23,2690.000057
0.38,3269.999981
0.35,3039.999962
0.22,2410.000086
0.03,2450.000048
0.04,2559.999943
0.07,3019.999981
0.04,3200.000048
0.15,4579.999924
0.15,4900.000095
0.56,6090.000153
0.92,7369.999886
1.27,8680.000305
1.42,9420.000076
1.62,0.0
83.15,164490.0
88.97,173160.0
93.51,184240.0055
100.61,191929.9927
109.46,210190.0024
115.58,217770.0043
119.41,219880.0049
122.12,224589.9963
127.43,227580.0018
128.09,220259.9945
141.72,234380.0049
135.31,233600.0061
143.73,250679.9927
148.29,260700.0122
149.26,256799.9878
153.4,264000.0
161.79,261600.0061
161.88,258820.0073
156.26,257049.9878
162.59,267089.9963
154.52,0.0
0.07,1270.0
0.07,1180.0
0.06,1340.000033
0.05,1830.000043
0.1,1779.999971
0.11,1750.0
0.12,1570.000052
0.09,1500.0
0.03,1570.000052
0.03,2819.999933
0.08,2630.000114
0.02,2519.999981
0.02,2240.00001
0.06,1750.0
0.08,1590.000033
0.31,1830.000043
0.23,2299.999952
0.56,2069.999933
0.36,2309.999943
0.45,2369.999886
0.43,0.0
0.03,100.0
0.04,90.0
0.04,100.0000015
0.04,119.9999973
0.04,129.9999952
0.05,129.9999952
0.05,150.000006
0.05,129.9999952
0.05,129.9999952
0.05,140.0000006
0.05,119.9999973
0.05,109.9999994
0.05,109.9999994
0.05,119.9999973
0.05,109.9999994
0.05,119.9999973
0.05,150.000006
0.05,180.0000072
0.06,159.9999964
0.06,159.9999964
0.06,0.0
5.11,10200.0
5.27,11620.0
5.27,12680.00031
6.02,15449.99981
6.01,16100.00038
6.6,17590.00015
6.71,20059.99947
7.19,20500.0
7.26,20020.00046
7.37,19040.00092
7.97,21459.99908
8.24,22260.00023
8.58,21520.00046
8.94,22209.99908
8.85,22040.00092
9.0,21329.99992
8.85,18309.99947
8.76,18250.0
8.67,17780.00069
8.63,17190.00053
8.2,0.0
9.88,20700.0
10.64,21570.0
11.04,21709.99908
11.48,21500.0
12.1,22479.99954
12.79,22969.99931
13.15,23899.99962
12.83,24750.0
13.44,25250.0
14.17,25290.00092
14.76,27520.00046
15.17,26340.00015
16.48,27790.00092
16.64,27850.00038
17.27,29950.00076
17.77,30479.99954
17.86,29610.00061
18.57,29959.99908
18.88,29889.99939
19.73,29909.99985
18.73,0.0
9.25,38510.0
9.97,39120.0
10.06,41409.99985
10.15,46349.99847
11.2,49369.99893
12.05,50590.00015
12.83,51919.99817
13.98,58479.99954
14.13,59279.99878
15.02,52389.99939
15.66,59180.00031
16.19,65449.99695
16.68,69010.00214
17.74,70220.00122
19.18,71400.00153
21.18,73400.00153
21.18,73339.99634
21.18,73120.00275
21.18,73050.00305
21.18,72870.00275
20.11,0.0
0.04,1300.0
0.04,1300.0
0.04,1490.00001
0.05,1570.000052
0.05,1629.999995
0.11,2019.999981
0.4,2400.000095
0.56,2869.999886
0.62,2970.000029
0.89,3359.999895
1.1,3329.999924
1.0,3740.00001
0.38,3779.999971
0.14,3690.000057
0.29,4110.000134
0.29,4719.99979
0.29,4949.999809
0.26,5170.000076
0.31,5860.000134
0.09,5860.000134
0.13,0.0
82.65,297380.0
84.59,300550.0
85.93,303940.0024
89.52,330230.011
83.22,307140.0146
84.75,295410.0037
90.09,303989.9902
93.13,312140.0146
90.92,301200.0122
78.58,251619.9951
86.28,268920.0134
93.5,283339.9963
96.99,277109.9854
95.39,270269.989
83.42,237729.9957
66.91,191070.0073
72.66,201660.0037
57.96,174940.0024
60.81,185619.9951
57.79,174729.9957
54.5,0.0
37.54,84730.0
40.58,97200.0
44.04,99150.00153
46.48,103819.9997
49.27,110010.0021
57.05,116459.9991
62.76,121559.9976
74.03,131830.0018
77.06,156050.0031
82.9,157020.0043
88.31,162789.9933
93.19,165600.0061
99.83,175589.9963
103.33,184470.0012
109.26,184759.9945
119.45,195240.0055
121.53,201080.0018
125.79,197039.9933
126.61,177119.9951
125.85,188860.0006
119.49,0.0
279.34,530890.0
282.72,545260.0
285.62,530789.978
296.15,543039.978
297.15,543080.0171
296.87,540919.9829
299.88,542059.9976
310.26,530500.0
310.5,515340.0269
278.73,466489.9902
290.59,482440.0024
260.88,445589.9963
249.25,467779.9988
231.56,453760.0098
206.94,415600.0061
182.43,401079.9866
181.56,380809.9976
165.91,367000.0
155.41,360730.011
144.99,348920.0134
124.78,0.0
2697.28,5775810.0
2678.68,5748260.0
2727.83,5593029.785
2756.03,5658990.234
2818.28,5738290.039
2899.96,5753490.234
2878.56,5653080.078
2988.24,5736319.824
2924.21,5558379.883
2725.41,5156430.176
2882.49,5392109.863
2788.93,5173600.098
2779.02,4956060.059
2746.21,5092100.098
2752.01,5107209.961
2730.32,4990709.961
2656.96,4894500.0
2540.17,4819370.117
2661.3,4975310.059
2588.21,4817720.215
2431.9,0.0
0.49,5460.0
0.06,4950.0
0.07,4530.00021
0.08,4489.999771
1.01,5460.000038
0.9,5420.000076
1.87,6329.999924
0.97,5849.999905
3.01,7750.0
2.72,7670.000076
1.72,6280.00021
2.76,7610.000134
3.85,8520.000458
2.04,7360.000134
1.64,6500.0
1.91,6639.999866
1.34,6519.999981
1.32,6099.999905
1.36,6539.999962
1.89,6489.999771
2.4,0.0
38.51,123810.0
39.05,125700.0
40.55,129889.9994
39.27,121910.0037
38.48,124839.9963
38.13,119190.0024
39.25,127360.0006
40.0,122580.0018
35.76,128880.0049
38.18,116529.9988
41.16,126239.9979
44.28,128630.0049
43.56,113139.9994
45.97,111860.0006
46.7,104870.0027
47.55,99169.99817
48.75,105230.0034
49.71,109529.9988
53.58,112470.0012
53.64,116709.9991
50.93,0.0
0.04,90.0
0.04,90.0
0.04,79.99999821
0.04,90.00000358
0.04,70.0000003
0.04,70.0000003
0.04,70.0000003
0.05,109.9999994
0.05,100.0000015
0.05,129.9999952
0.05,129.9999952
0.05,129.9999952
0.05,119.9999973
0.05,109.9999994
0.05,159.9999964
0.05,140.0000006
0.05,180.0000072
0.05,170.0000018
0.05,209.9999934
0.05,209.9999934
0.05,0.0
0.07,1810.0
0.07,1840.0
0.08,1919.999957
0.08,2079.999924
0.07,2109.999895
0.08,2289.999962
0.08,2180.000067
0.06,1980.000019
0.04,2190.000057
0.05,2490.00001
0.05,2660.000086
0.05,3049.999952
0.06,4030.00021
0.05,4239.999771
0.35,4690.000057
0.36,4960.000038
0.65,5320.000172
1.8,6809.999943
2.24,7730.000019
2.05,6800.000191
2.0,0.0
3.3,13700.0
4.33,13900.0
4.12,12489.99977
2.98,10180.00031
3.63,9770.000458
3.84,10510.00023
2.23,9829.999924
1.86,9760.000229
1.6,7599.999905
1.57,7750.0
2.49,9600.000381
3.43,11409.99985
3.25,12010.00023
3.9,12279.99973
3.92,12079.99992
4.02,12430.00031
3.5,11020.00046
3.05,10340.00015
3.73,12380.00011
3.66,11760.00023
3.4,0.0
